{"kdm4b": [48.82223716052124, 455.77334201497291], "erap1": [550.230085891268, 820.67333547305896], "ddit3": [384.12087277005867, 667.11205548848659], "parp9": [615.30400097406391, 506.48874497855491], "snx10": [902.14515762823498, 713.49552693927501], "aw112010": [938.91541860979248, 448.72867672132242], "gm12250": [729.46280849481764, 877.00987433621344], "c3": [962.42484286605566, 525.88740230702865], "igtp": [603.82669781707875, 451.43228794098059], "pla2g16": [701.18724955559969, 678.46966181166329], "adam19": [867.21426934288854, 400.13960647070729], "grap": [670.49570749159625, 799.78929111201751], "chst2": [561.34576101262746, 571.83021379097534], "neu3": [799.391675493099, 390.34514443868761], "sell": [839.02463684069721, 545.15661154517852], "neat1": [673.08913977322175, 384.00918624788369], "casp4": [839.43012948116393, 688.70586105720338], "sema4f": [374.51080295005289, 156.3192825304983], "cdh17": [644.38739716729947, 714.49585639888278], "casp1": [926.5015141026563, 605.28656825575467], "gbp3": [568.92009275061002, 754.65900200507895], "gbp2": [517.02768156508114, 592.19377111653125], "parp14": [645.78514730028235, 428.21921920514268], "rab4a": [0.0, 585.09532399962359], "bzrap1": [153.4793455487179, 766.12895052512943], "id3": [74.375534106848647, 510.43856901312171], "gbp5": [629.43466348557877, 862.40404386736736], "ptpn14": [866.86038018978206, 853.73169510235073], "serpinb9": [699.50278804594518, 490.5990620317059], "gbp6": [627.66533000513255, 146.40477063601884], "tnfrsf8": [939.79972523722995, 788.3249300105839], "prf1": [301.13012103991889, 213.66026282598352], "crmp1": [236.57346221808626, 737.8355729872369], "snhg1": [825.03147686846364, 599.6530976293152], "eya2": [121.95427301015758, 665.02509809200888], "selp": [325.20096764229805, 166.43969031921984], "iigp1": [468.80936830872548, 240.11863100334051], "gbp10": [516.74630042862179, 725.03070680934775], "trim30a": [974.04343634523104, 743.89881717393325], "irf1": [485.01451473397879, 340.26759844748653], "psmb10": [809.9548700533104, 877.42407268914803], "ifng": [636.33980388988391, 556.82458705747638], "zbp1": [729.16311946382666, 383.07734064846466], "tgtp2": [477.600354047895, 101.02476780956613], "tgm2": [421.65744259217013, 106.40143207007839], "gemin4": [685.5453045137308, 898.97523219043399], "il10": [386.94085832785561, 254.22145943616403], "klf7": [181.61595239266822, 575.24610962431507], "txnip": [1000.0, 625.75510055366408], "golga2": [74.622865235273139, 592.64640210229675], "glrx": [606.04123242203866, 194.04915457785017], "ifi47": [556.28609864445878, 516.58733863110797], "hao1": [610.41130222145762, 662.34343809600898], "cysltr2": [565.50635182812869, 699.94748060240033], "wdr77": [856.31275513914807, 450.94320676546397], "klrd1": [294.61026944794446, 445.36254305736759], "ccl3": [820.30961550425275, 779.88492319285217], "il13ra1": [722.47948751629906, 443.93384934753482], "tspan9": [991.25778011157365, 685.83688554602224], "rcn3": [15.382128480499034, 653.57502331473654], "dtx1": [223.75751831220822, 677.10667743299803], "stat1": [741.45034530635826, 629.16507768598467], "akap8l": [91.576250898115632, 753.94719228625252], "rad54l": [888.68870888518825, 783.09717363997891], "serpinb5": [430.74957746853801, 160.477243211114], "ppp2r3a": [768.39955343179656, 814.84625529876814], "oas3": [783.96875067387111, 450.33372153490905], "ccl4": [733.6641205873932, 780.4420531216532], "entpd1": [599.68357311808109, 809.72499006197199], "ly75": [282.21529449774346, 265.35452449547256], "ifitm3": [537.25561245728841, 196.76552781715782], "snrnp48": [46.507270685732806, 710.61662066433632], "ccr5": [525.7399353315335, 117.35057825413776], "wdfy1": [924.37103590079823, 502.05453075036684], "klk8": [8.1070128397577719, 513.6109558373779], "epcam": [578.51241411055423, 116.71621907246845], "usp18": [990.61723596776244, 564.01189469469523], "irgm2": [272.8838394307507, 408.65724588723231], "klrk1": [285.72995599468044, 335.53760894841042], "rpph1": [902.91754393072461, 660.09935684391212], "irgm1": [342.22488035307919, 323.6575064723329]}